title,firstname,lastname,id_card,company,filenumber,phone,email,street,city,county,postcode
Mr,James,Butt,5046218927,"Benton, John B Jr",70116,5048451427,jbutt@gmail.com,6649 N Blue Gum St,New Orleans,Orleans,LA
Ms,Josephine,Darakjy,8102929388,"Chanay, Jeffrey A Esq",48116,8103749840,josephine_darakjy@darakjy.org,4 B Blue Ridge Blvd,Brighton,Livingston,MI
Mx,Art,Venere,8566368749,"Chemel, James L Cpa",08014,8562644130,art@venere.org,8 W Cerritos Ave #54,Bridgeport,Gloucester,NJ
Mr,Lenna,Paprocki,9073854412,Feltz Printing Service,99501,9079212010,lpaprocki@hotmail.com,639 Main St,Anchorage,Anchorage,AK
Ms,Donette,Foller,5135701893,Printing Dimensions,45011,5135494561,donette.foller@cox.net,34 Center St,Hamilton,Butler,OH
Mx,Simona,Morasca,4195032484,"Chapman, Ross E Esq",44805,4198006759,simona@morasca.com,3 Mcauley Dr,Ashland,Ashland,OH
Mr,Mitsue,Tollner,7735736914,Morlong Associates,60632,7739248565,mitsue_tollner@yahoo.com,7 Eads St,Chicago,Cook,IL
Ms,Leota,Dilliard,4087523500,Commercial Press,95111,4088131105,leota@hotmail.com,7 W Jackson Blvd,San Jose,Santa Clara,CA
Mx,Sage,Wieser,6054142147,Truhlar And Truhlar Attys,57105,6057944895,sage_wieser@cox.net,5 Boston Ave #88,Sioux Falls,Minnehaha,SD
Mr,Kris,Marrier,4106558723,"King, Christopher A Esq",21224,4108044694,kris@gmail.com,228 Runamuck Pl #2808,Baltimore,Baltimore City,MD
Ms,Minna,Amigon,2158741229,"Dorl, James J Esq",19443,2154228694,minna_amigon@yahoo.com,2371 Jerrold Ave,Kulpsville,Montgomery,PA
Mx,Abel,Maclead,6313353414,Rangoni Of Florence,11953,6316773675,amaclead@gmail.com,37275 St  Rt 17m M,Middle Island,Suffolk,NY
Mr,Kiley,Caldarera,3104985651,Feiner Bros,90034,3102543084,kiley.caldarera@aol.com,25 E 75th St #69,Los Angeles,Los Angeles,CA
Ms,Graciela,Ruta,4407808425,Buckley Miller & Wright,44023,4405797763,gruta@cox.net,98 Connecticut Ave Nw,Chagrin Falls,Geauga,OH
Mx,Cammy,Albares,9565376195,"Rousseaux, Michael Esq",78045,9568417216,calbares@gmail.com,56 E Morehead St,Laredo,Webb,TX
Mr,Mattie,Poquette,6022774385,Century Communications,85013,6029536360,mattie@aol.com,73 State Road 434 E,Phoenix,Maricopa,AZ
Ms,Meaghan,Garufi,9313139635,"Bolton, Wilbur Esq",37110,9312357959,meaghan@hotmail.com,69734 E Carrillo St,Mc Minnville,Warren,TN
Mx,Gladys,Rim,4146619598,T M Byxbee Company Pc,53207,4143772880,gladys.rim@rim.org,322 New Horizon Blvd,Milwaukee,Milwaukee,WI
Mr,Yuki,Whobrey,3132887937,Farmers Insurance Group,48180,3133414470,yuki_whobrey@aol.com,1 State Route 27,Taylor,Wayne,MI
Ms,Fletcher,Flosi,8158282147,Post Box Services Plus,61109,8154265657,fletcher.flosi@yahoo.com,394 Manchester Blvd,Rockford,Winnebago,IL
Mx,Bette,Nicka,6105453615,Sport En Art,19014,6104924643,bette_nicka@cox.net,6 S 33rd St,Aston,Delaware,PA
Mr,Veronika,Inouye,4085401785,C 4 Network Inc,95111,4088134592,vinouye@aol.com,6 Greenleaf Ave,San Jose,Santa Clara,CA
Ms,Willard,Kolmetz,9723039197,"Ingalls, Donald R Esq",75062,9728964882,willard@hotmail.com,618 W Yakima Ave,Irving,Dallas,TX
Mx,Maryann,Royster,5189667987,"Franklin, Peter L Esq",12204,5184488982,mroyster@royster.com,74 S Westgate St,Albany,Albany,NY
Mr,Alisha,Slusarski,7326583154,Wtlz Power 107 Fm,08846,7326353453,alisha@slusarski.com,3273 State St,Middlesex,Middlesex,NJ
Ms,Allene,Iturbide,7156626764,"Ledecky, David Esq",54481,7155309863,allene_iturbide@cox.net,1 Central Ave,Stevens Point,Portage,WI
Mx,Chanel,Caudy,9133882079,Professional Image Inc,66218,9138991103,chanel.caudy@caudy.org,86 Nw 66th St #8673,Shawnee,Johnson,KS
Mr,Ezekiel,Chui,4106691642,"Sider, Donald C Esq",21601,4102358738,ezekiel@chui.com,2 Cedar Ave #84,Easton,Talbot,MD
Ms,Willow,Kusko,2125824976,U Pull It,10011,2129345167,wkusko@yahoo.com,90991 Thorburn Ave,New York,New York,NY
Mx,Bernardo,Figeroa,9363363951,"Clark, Richard Cpa",77301,9365973614,bfigeroa@aol.com,386 9th Ave N,Conroe,Montgomery,TX
Mr,Ammie,Corrio,6148019788,"Moskowitz, Barry S",43215,6146483265,ammie@corrio.com,74874 Atlantic Ave,Columbus,Franklin,OH
Ms,Francine,Vocelka,5059773911,Cascade Realty Advisors Inc,88011,5053355293,francine_vocelka@vocelka.com,366 South Dr,Las Cruces,Dona Ana,NM
Mx,Ernie,Stenseth,2017096245,Knwz Newsradio,07660,2013879093,ernie_stenseth@aol.com,45 E Liberty St,Ridgefield Park,Bergen,NJ
Mr,Albina,Glick,7329247882,"Giampetro, Anthony D",08812,7327826701,albina@glick.com,4 Ralph Ct,Dunellen,Middlesex,NJ
Ms,Alishia,Sergi,2128601579,Milford Enterprises Inc,10025,2127532740,asergi@gmail.com,2742 Distribution Way,New York,New York,NY
Mx,Solange,Shinko,5049799175,"Mosocco, Ronald A",70002,5042658174,solange@shinko.com,426 Wolf St,Metairie,Jefferson,LA
Mr,Jose,Stockham,2126758570,Tri State Refueler Co,10011,2125694233,jose@yahoo.com,128 Bransten Rd,New York,New York,NY
Ms,Rozella,Ostrosky,8058326163,Parkway Company,93012,8056091531,rozella.ostrosky@ostrosky.com,17 Morena Blvd,Camarillo,Ventura,CA
Mx,Valentine,Gillian,2108129597,Fbs Business Finance,78204,2103006244,valentine_gillian@gmail.com,775 W 17th St,San Antonio,Bexar,TX
Mr,Kati,Rulapaugh,7854637829,Eder Assocs Consltng Engrs Pc,67410,7852197724,kati.rulapaugh@hotmail.com,6980 Dorsett Rd,Abilene,Dickinson,KS
Ms,Youlanda,Schemmer,5415488197,Tri M Tool Inc,97754,5419932611,youlanda@aol.com,2881 Lewis Rd,Prineville,Crook,OR
Mx,Dyan,Oldroyd,9134134604,International Eyelets Inc,66204,9136458918,doldroyd@aol.com,7219 Woodfield Rd,Overland Park,Johnson,KS
Mr,Roxane,Campain,9072314722,Rapid Trading Intl,99708,9073356568,roxane@hotmail.com,1048 Main St,Fairbanks,Fairbanks North Star,AK
Ms,Lavera,Perin,3056067291,Abc Enterprises Inc,33196,3059952078,lperin@perin.org,678 3rd Ave,Miami,Miami-Dade,FL
Mx,Erick,Ferencz,9077411044,Cindy Turner Associates,99712,9072276777,erick.ferencz@aol.com,20 S Babcock St,Fairbanks,Fairbanks North Star,AK
Mr,Fatima,Saylors,9527682416,"Stanton, James D Esq",55343,9524792375,fsaylors@saylors.org,2 Lighthouse Ave,Hopkins,Hennepin,MN
Ms,Jina,Briddick,6173995124,Grace Pastries Inc,02128,6179975771,jina_briddick@briddick.com,38938 Park Blvd,Boston,Suffolk,MA
Mx,Kanisha,Waycott,3234532780,"Schroer, Gene E Esq",90006,3233157314,kanisha_waycott@yahoo.com,5 Tomahawk Dr,Los Angeles,Los Angeles,CA
Mr,Emerson,Bowley,6083367444,Knights Inn,53711,6086587940,emerson.bowley@bowley.org,762 S Main St,Madison,Dane,WI
